{
  "rmse": 1.5990715706263297e-08,
  "mean_residual": 1.5990715706263297e-08,
  "final_residual": 1.5990715706263297e-08,
  "steps": 12,
  "interfaces": 1
}