{
  "rmse": 424.2366176073181,
  "mean_residual": 423.93392946771945,
  "final_residual": 439.9567620811038,
  "steps": 3,
  "interfaces": 2
}