iter,primal_residual,dual_residual,objective
1,1.1307029352928446e-08,1.1307029352928446e-08,
