{
  "vm_min": 1.0453571909316157,
  "vm_max": 1.05000002492348,
  "voltage_violations": 1,
  "line_max_loading": 3.6905351783944855,
  "trafo_max_loading": 1.3993683852650147,
  "losses_mw": 0.0,
  "n_bus": 907,
  "n_line": 905,
  "n_trafo": 1,
  "case": "ieee_european_lv_off_peak_1440"
}