{
  "vm_min": 1.0488562645691213,
  "vm_max": 1.0499999809209466,
  "voltage_violations": 0,
  "line_max_loading": 1.0480369316702205,
  "trafo_max_loading": 0.3973943609536973,
  "losses_mw": 0.0,
  "n_bus": 907,
  "n_line": 905,
  "n_trafo": 1,
  "case": "ieee_european_lv_off_peak_1"
}