{
  "on_peak_566": {
    "vm_min": 0.996239036505239,
    "vm_max": 1.067973335573436,
    "voltage_violations": 901,
    "line_max_loading": 33.20121091220194,
    "trafo_max_loading": 12.5888513007534,
    "losses_mw": 0.0,
    "n_bus": 907,
    "n_line": 905,
    "n_trafo": 1,
    "case": "ieee_european_lv_on_peak_566"
  },
  "off_peak_1": {
    "vm_min": 1.0488562645691213,
    "vm_max": 1.0499999809209466,
    "voltage_violations": 0,
    "line_max_loading": 1.0480369316702205,
    "trafo_max_loading": 0.3973943609536973,
    "losses_mw": 0.0,
    "n_bus": 907,
    "n_line": 905,
    "n_trafo": 1,
    "case": "ieee_european_lv_off_peak_1"
  },
  "off_peak_1440": {
    "vm_min": 1.0453571909316157,
    "vm_max": 1.05000002492348,
    "voltage_violations": 1,
    "line_max_loading": 3.6905351783944855,
    "trafo_max_loading": 1.3993683852650147,
    "losses_mw": 0.0,
    "n_bus": 907,
    "n_line": 905,
    "n_trafo": 1,
    "case": "ieee_european_lv_off_peak_1440"
  }
}