module,scenario,vm_min,vm_max,violations,line_loading_max,trafo_loading_max
lv_snapshots,on_peak_566,0.996239036505239,1.067973335573436,901,33.20121091220194,12.5888513007534
lv_snapshots,off_peak_1,1.0488562645691213,1.0499999809209466,0,1.0480369316702205,0.3973943609536973
lv_snapshots,off_peak_1440,1.0453571909316157,1.05000002492348,1,3.6905351783944855,1.3993683852650147
