iter,primal_residual,dual_residual,objective
1,1.130714330281658e-08,1.130714330281658e-08,
