{
  "final_residual": 7.99535770526966e-09,
  "mean_residual": 7.99535770526966e-09,
  "steps": 8,
  "interfaces": 2
}