{
  "final_residual": 400.929066385936,
  "mean_residual": 397.7024528274774,
  "steps": 48,
  "interfaces": 2
}