{
  "rmse": 8.005460724197354,
  "mean_residual": 7.850000086456471,
  "final_residual": 9.420000102157047,
  "steps": 3,
  "interfaces": 2
}