{
  "final_residual": 9.420000102157049,
  "mean_residual": 7.850000086456471,
  "steps": 3,
  "interfaces": 2
}