step,residual_max,residual_mean
0,408.81240225898637,404.94756368633136
1,408.81240225898637,404.94756368633136
2,408.81240225898637,404.94756368633136
