{
  "vm_min": 0.9581673929805525,
  "vm_max": 1.03,
  "line_max_loading": 62.37890097596954,
  "trafo_max_loading": 68.32066622021046,
  "n_bus": 15,
  "n_line": 15,
  "n_trafo": 2,
  "case": "cigre_mv",
  "voltage_ok": true,
  "line_ok": true,
  "trafo_ok": true
}