step,residual_max,residual_mean
0,459.46346779267964,459.46346779267964
1,459.46346779267964,459.46346779267964
2,459.46346779267964,459.46346779267964
3,459.46346779267964,459.46346779267964
4,459.46346779267964,459.46346779267964
5,459.46346779267964,459.46346779267964
