step,residual_max,residual_mean
0,4.76837158203125e-07,3.5762786865234375e-07
1,4.76837158203125e-07,3.5762786865234375e-07
2,4.76837158203125e-07,3.5762786865234375e-07
