{
  "mae": 4.131238877825433e-06,
  "max": 3.471015583167425e-05,
  "passed": true
}