sample,l2,max_abs
0,2.6830780735337815e-05,9.039022915269257e-06
1,1.7973998926125176e-05,4.436626744541705e-06
2,1.2867161003880013e-05,3.96608887687222e-06
3,9.201456674738115e-05,3.471015583167425e-05
4,3.4025838509240866e-06,8.659444881153888e-07
