{
  "rmse": 7.995277130531045e-09,
  "mean_residual": 7.995277130531045e-09,
  "final_residual": 7.995277130531045e-09,
  "steps": 8,
  "interfaces": 2
}