{
  "final_residual": 459.46346779267964,
  "mean_residual": 459.46346779267964,
  "steps": 6,
  "interfaces": 1
}