{
  "final_residual": 425.4004133166534,
  "mean_residual": 425.40041331665344,
  "steps": 6,
  "interfaces": 1
}