{
  "final_residual": 430.9288542453563,
  "mean_residual": 430.9288542453564,
  "steps": 6,
  "interfaces": 1
}