step,tso_vector,dso_vector,residual_max,residual_mean,envelope_upper,envelope_lower,tso_h,dso_h
0,"[-9.636721642891644e-09, 6.280000061943634]","[1.003767190237964e-08, 1.003767190237964e-08]",6.2800000519059616,3.1400000357901776,"[0.050000010037671905, 0.050000010037671905]","[-0.049999999999999996, -0.049999999999999996]","[[-9.636721642891644e-09, 6.280000061943634], [-9.636721642891644e-09, 6.280000061943634], [-9.636721642891644e-09, 6.280000061943634]]","[[1.003767190237964e-08, 1.003767190237964e-08], [1.0037501059832174e-08, 1.0037501059832174e-08], [1.003811109211206e-08, 1.003811109211206e-08]]"
1,"[-9.636721642891644e-09, 6.280000061943634]","[1.003767190237964e-08, 1.003767190237964e-08]",6.2800000519059616,3.1400000357901776,"[0.050000010037671905, 0.050000010037671905]","[-0.049999999999999996, -0.049999999999999996]","[[-9.636721642891644e-09, 6.280000061943634], [-9.636721642891644e-09, 6.280000061943634], [-9.636721642891644e-09, 6.280000061943634]]","[[1.003767190237964e-08, 1.003767190237964e-08], [1.0037501059832174e-08, 1.0037501059832174e-08], [1.003811109211206e-08, 1.003811109211206e-08]]"
2,"[-9.636721642891644e-09, 6.280000061943634]","[1.003767190237964e-08, 1.003767190237964e-08]",6.2800000519059616,3.1400000357901776,"[0.050000010037671905, 0.050000010037671905]","[-0.049999999999999996, -0.049999999999999996]","[[-9.636721642891644e-09, 6.280000061943634], [-9.636721642891644e-09, 6.280000061943634], [-9.636721642891644e-09, 6.280000061943634]]","[[1.003767190237964e-08, 1.003767190237964e-08], [1.0037501059832174e-08, 1.0037501059832174e-08], [1.003811109211206e-08, 1.003811109211206e-08]]"
