{
  "rmse": 4.4406306225545755,
  "mean_residual": 3.140000035790178,
  "final_residual": 6.2800000519059616,
  "steps": 3,
  "interfaces": 2
}