{
  "final_residual": 6.2800000519059616,
  "mean_residual": 3.140000035790178,
  "steps": 3,
  "interfaces": 2
}