iter,primal_residual,dual_residual,objective
1,7.995277130531045e-09,7.995277130531045e-09,
