{
  "rmse": 424.4744430384316,
  "mean_residual": 424.40095435451775,
  "final_residual": 432.29922858128657,
  "steps": 3,
  "interfaces": 2
}