{
  "coordination": {
    "final_residual": 408.81240225898637,
    "mean_residual": 404.9475636863314,
    "steps": 3,
    "interfaces": 2
  }
}